voltage,current,temperature,internal_resistance,cycle_count,status
3.799342831,1.963088774,36.99677718,0.065567222,463,Success
3.67234714,2.45470832,34.62316841,0.038976286,407,Success
3.829537708,0.800716213,30.29815185,0.033636022,124,Success
4.004605971,1.781484618,26.76531611,0.049932511,404,Success
3.653169325,1.174678715,33.49111657,0.046596308,121,Success
3.653172609,1.256437308,31.96742693,0.040935439,308,Success
4.015842563,1.203803038,34.4759661,0.063927749,447,Success
3.853486946,1.068004615,33.17585901,0.069106104,237,Success
3.606105123,1.524260814,35.24776358,0.051768138,222,Success
3.808512009,1.084524942,27.32382394,0.079550602,339,Success
3.607316461,1.635228413,36.58697033,0.027166218,94,Success
3.606854049,1.474880945,30.98799802,0.046126811,110,Success
3.748392454,1.380525977,40.37630436,0.035663554,132,Success
3.317343951,1.046218169,26.55406091,0.012669268,172,Success
3.355016433,1.211614335,38.67981902,0.048346386,407,Success
3.587542494,1.877695613,30.98955392,0.04756505,65,Success
3.497433776,1.750458594,26.74290998,0.080268995,115,Fault
3.762849467,1.011222378,27.58057083,0.062616234,473,Success
3.518395185,1.549666153,28.39826346,0.029516264,194,Success
3.41753926,1.875693562,32.12082973,0.087081851,424,Fault
3.993129754,0.665297359,32.61417744,0.074420674,211,Success
3.65484474,1.771680096,27.13149998,0.061641954,283,Success
3.713505641,1.168688121,29.87822704,0.045470318,429,Success
3.415050363,1.785299334,40.71135179,0.030811215,193,Success
3.591123455,1.118370422,38.63771585,0.042555864,407,Success
3.722184518,0.59755895,32.18161835,0.071774972,237,Success
3.469801285,0.686228781,30.19001739,0.087691726,371,Fault
3.775139604,1.524042473,30.60015663,0.080864871,499,Fault
3.579872262,1.629861251,33.06758986,0.040223012,62,Success
3.64166125,1.047841687,24.88603717,0.027607651,233,Success
3.579658678,1.819296229,28.71311731,0.052817725,160,Success
4.070455637,0.669239969,21.65707963,0.014631213,464,Success
3.697300555,1.466960101,31.99611561,0.056463354,339,Success
3.488457814,0.8944919,33.2359797,0.047047948,344,Success
3.864508982,1.174081946,27.58406769,0.04067927,441,Success
3.45583127,1.523699336,37.86993382,0.018105939,264,Success
3.741772719,1.069793317,23.87117168,0.060272002,169,Success
3.308065975,1.307722228,22.6781256,0.039345983,431,Success
3.43436279,2.003146405,31.12225909,0.026601663,104,Success
3.739372247,1.211554065,35.23549151,-0.007445244,76,Success
3.847693316,1.917846056,38.41963846,0.049449702,167,Success
3.734273656,0.935146573,27.70557869,0.085445032,270,Fault
3.676870344,1.764902089,35.39340417,0.083225184,280,Fault
3.639779261,2.22078431,29.80745765,0.040858075,102,Success
3.404295602,0.26417775,29.1368635,0.037955759,344,Success
3.556031158,1.101552372,34.41829969,0.059375485,370,Success
3.607872246,1.788536064,33.26161439,0.030032291,450,Success
3.911424445,1.398477307,22.11803922,0.056035838,282,Success
3.768723658,1.685572937,37.38270175,0.065321606,207,Success
3.347391969,1.198007407,36.90045677,0.074538664,486,Success
3.764816794,1.543294894,26.87218649,0.047996918,318,Success
3.622983544,1.422161382,31.97901767,0.045926525,70,Success
3.5646156,2.083891031,32.47015093,0.032440348,452,Success
3.822335258,1.627210422,31.30336883,0.033462393,102,Success
3.906199904,1.668801331,27.24847423,0.045470422,324,Success
3.886256024,1.294061517,26.64188316,0.05734731,362,Success
3.532156495,1.256196888,29.87222965,0.068271693,330,Success
3.638157525,1.283720906,35.8636451,0.033936421,263,Success
3.766252686,1.697226071,32.71800077,0.079853771,80,Success
3.895109025,1.28950776,28.14692834,0.044577528,386,Success
3.604165152,1.644887428,33.85849355,0.049572654,232,Success
3.662868205,2.537700399,15.7572869,0.035055766,72,Success
3.478733005,1.935562352,35.7438285,0.001515195,81,Success
3.460758675,1.336988234,21.30143111,0.067680908,495,Success
3.862505164,2.100606961,28.18779529,0.064736878,123,Success
3.971248006,1.295962313,24.40165053,0.044373449,59,Success
3.685597976,0.480937732,23.52659262,0.051339814,103,Success
3.90070658,0.995956845,35.80413394,0.060318784,101,Success
3.772327205,0.564604039,27.66149399,0.018749083,197,Success
3.570976049,1.324243258,31.73251941,0.039418946,209,Success
3.772279121,1.50920919,29.76539711,0.065885294,419,Success
4.007607313,2.338218656,32.38520414,0.024914212,63,Success
3.692834792,1.663463687,30.38410946,0.055871159,227,Success
4.012928731,1.390449736,23.58503888,0.022868364,461,Success
3.176050979,1.914702791,34.9813341,0.0593286,415,Fault
3.864380501,0.394432345,27.53121708,0.04928717,102,Success
3.717409414,1.617807279,22.21709051,0.017697364,457,Success
3.64019853,1.885432597,27.8594242,0.073294787,384,Success
3.718352155,0.760706877,37.50379895,0.035308168,71,Success
3.302486217,2.071877022,34.25110871,0.033794951,79,Success
3.656065622,1.669248204,28.25673933,0.054011384,240,Success
3.771422514,1.292356043,28.25371148,0.072972747,309,Success
3.995578809,1.816390933,28.39182474,0.029683564,254,Success
3.596345956,2.635346429,40.38373992,0.051233597,108,Success
3.538301279,1.590933128,31.90967726,0.05857633,313,Success
3.599648591,1.624110293,32.15020824,0.063862112,61,Success
3.883080424,1.27031955,35.15141727,0.053528831,168,Success
3.765750222,1.075077815,31.1939458,0.042659443,464,Success
3.594047959,1.915167908,28.70478927,0.033448196,339,Success
3.802653487,1.071958087,29.01825075,0.051722878,387,Success
3.71941551,1.535783119,29.6419937,0.02855722,297,Success
3.893728998,1.261171277,29.81388882,-0.00842701,403,Success
3.559589381,1.739489913,33.63814772,0.058731196,176,Success
3.634467571,1.666831053,30.25972943,0.068078697,124,Success
3.621578369,2.018769972,33.66320039,0.002741351,410,Success
3.40729701,1.244991801,29.5964171,0.029805386,253,Success
3.759224055,1.365062532,30.39317595,0.062383085,98,Success
3.752211054,1.010618142,20.00899658,0.091149909,128,Fault
3.701022691,1.27785337,34.58163837,0.050415874,490,Success
3.653082573,1.688650247,31.73244238,0.035439941,290,Success
3.416925852,1.878494308,34.99005055,0.046342071,398,Success
3.615870935,1.038917338,15.51872311,0.077497528,203,Success
3.631457097,1.93480296,40.44187352,0.037080716,323,Success
3.539544546,2.177818929,29.30205186,0.03401616,145,Success
3.667742858,1.706717452,35.54091408,0.04034513,263,Success
3.780810171,2.438397906,24.80047036,0.030933428,343,Success
4.07723718,1.1131054,33.06386953,0.052453406,258,Success
3.734915563,0.877672648,24.73292218,0.082493569,392,Fault
3.751510078,0.610639876,26.8811552,0.056461585,137,Success
3.685110817,2.248022156,39.57015677,0.04495293,355,Success
3.316245757,1.827182828,29.046588,0.044163775,313,Success
3.694697225,1.472207665,31.08716437,0.018736184,474,Success
3.712046042,1.639984313,34.35033865,0.067662196,439,Success
4.192648422,0.937255476,32.47840944,0.048443256,374,Success
3.661527807,2.72287599,30.75209453,0.046390402,477,Success
3.760309468,1.564610591,31.82480501,0.113862151,426,Fault
3.693057646,1.554697397,42.01707793,0.055975058,369,Success
3.466264392,1.862883312,29.71190601,0.034964179,206,Success
3.928564563,1.740504616,31.00549523,0.041472848,205,Success
3.850386607,1.611942012,35.25327198,0.072968914,188,Success
3.858206389,1.104762772,35.52762966,0.052265408,170,Success
3.518122509,1.735734179,35.93515153,0.02123444,114,Success
3.980558862,2.441012248,33.19365111,0.068384579,156,Success
3.419629787,2.172710023,24.28497544,0.036637118,196,Success
3.817371419,2.296593313,38.16715766,0.087465956,186,Fault
4.138091125,1.244392162,24.26827303,0.071600961,460,Success
3.501892735,1.00519759,31.51317733,0.041053562,211,Success
3.586740454,1.43710654,26.22862075,0.075620327,477,Success
3.719930273,1.527862456,29.67930827,0.05135711,149,Success
3.599304869,2.047095759,31.64381205,0.067055474,387,Success
3.389867314,0.653767685,31.60678608,0.059694656,448,Success
3.713712595,2.26477516,32.10960377,0.033072867,356,Success
3.487539257,1.420996051,38.06855635,0.037129003,190,Success
3.794718486,1.286559465,32.26767151,0.070599216,132,Success
3.516115153,0.993947812,28.77921682,0.043304493,226,Success
4.009986881,0.672571664,34.82043584,0.041927031,247,Success
3.543349342,1.911585292,35.94735244,0.030897548,161,Success
3.635587697,1.536658984,23.86196092,0.058471981,105,Success
3.862703443,0.85501955,32.98700035,0.091250498,228,Fault
3.453827137,0.852460614,33.50586371,0.028649342,470,Success
3.745491987,1.33210765,28.51218248,0.050484389,450,Success
3.961428551,2.334510763,36.87853407,0.078244411,235,Success
3.378503353,1.370204324,29.24972206,0.048407172,267,Success
3.736926772,0.748428523,30.62788227,0.059047436,462,Success
3.751976559,1.377128468,29.13464088,0.028752129,466,Success
3.856364574,1.363638215,30.07789524,0.058566142,365,Success
3.452609858,0.151556679,24.51862457,0.046257115,266,Success
3.435908677,1.472852567,22.79974559,0.0697146,169,Success
3.804388313,1.384532735,37.97252532,0.073747721,488,Success
3.759396935,1.848103182,25.76519326,0.101791273,443,Fault
3.75009857,2.424478047,25.04303825,0.061592663,224,Success
3.769289642,2.063282515,19.23304943,0.056515926,72,Success
3.563995056,1.365555655,26.80519126,0.053887686,262,Success
3.746450739,0.946737046,23.38455103,0.042936674,454,Success
3.758614495,2.786679902,38.2100758,0.056769677,284,Success
3.557129716,1.529609217,35.04908545,0.044091972,62,Success
4.073154902,1.506964646,26.55924827,0.05336922,150,Success
3.794766584,1.487937456,41.26217903,0.076351951,466,Success
3.461739301,1.59904238,34.90882743,0.029869149,73,Success
3.831310722,1.427819794,28.37584308,0.072797571,413,Success
3.505063666,1.213168997,17.50297143,0.076342301,60,Success
3.857416921,1.226570529,41.45471286,0.047638629,322,Success
3.931719116,1.483623365,23.05213767,0.007562902,480,Success
3.535863536,1.228287614,21.77300627,0.03784356,330,Success
3.892675226,1.143577109,35.11285216,0.075939891,143,Success
3.782556185,1.553215114,42.19876203,0.049542639,250,Success
3.864412032,1.372511391,36.92136409,0.030013955,70,Success
4.079358597,2.251996494,32.8195456,0.039904502,389,Success
3.650922377,0.174515096,32.97377171,0.066812401,260,Success
3.549252767,2.045753426,34.26707779,0.060934671,189,Success
3.522097114,2.123042596,33.79464295,0.045221358,342,Success
3.536837943,0.463304884,31.40595712,0.042663512,347,Success
3.684579658,1.328656203,30.52100552,0.042164837,450,Success
3.768230395,1.314279567,29.68703436,0.031551796,150,Success
3.75533816,0.796244153,26.23017706,0.082307514,353,Fault
3.86543665,1.111091656,28.59662462,0.043553591,408,Success
3.702600378,0.944712077,21.53521593,0.07434317,77,Success
3.990706815,2.376135222,29.50830187,0.080426321,90,Fault
3.647068633,1.967839197,25.05704446,0.069966218,404,Success
4.244033833,2.135777547,24.48205341,0.041367594,352,Success
3.82513347,1.860836032,30.89947076,0.058074602,195,Success
3.528568489,0.935474114,36.96001143,0.049516088,305,Success
3.4858215,1.237739867,34.59158303,0.031925963,276,Success
3.796494483,1.744687281,22.14749698,0.056487186,285,Success
3.655307443,0.888936096,25.05185932,0.026419204,410,Success
3.842800099,1.856499215,34.70385594,0.073753588,429,Success
3.794647525,1.379837301,25.08756303,0.040707654,62,Success
3.685434217,1.312589596,28.87683425,0.054023193,259,Success
3.530641256,1.855479984,32.7502605,0.055665757,278,Success
3.397030555,1.722131656,25.15827773,0.044821901,446,Success
3.61069701,1.319516917,30.52687753,0.061733876,149,Success
3.871279759,2.079664902,23.32987253,0.040501927,80,Success
3.742818749,0.959468336,26.99316178,0.067425946,435,Success
3.450852244,1.807967803,31.59890967,0.023080406,65,Success
3.734636185,1.796550629,22.03503133,0.052527592,186,Success
3.777063476,1.34522678,32.20237369,0.08877858,378,Fault
3.523228513,1.663066511,29.90181101,0.029993374,215,Success
3.730745021,0.874443212,32.76244977,0.036445101,359,Success
3.711641744,1.96201351,31.11957067,0.060278157,489,Success
3.47140594,1.407548932,36.82070215,0.053591636,149,Success
3.771557472,1.23863849,30.62612251,0.057012602,158,Success
3.812156905,2.024504613,27.85297229,0.059783743,392,Success
3.916610249,1.147828155,30.61148752,0.062694429,222,Success
3.91076041,0.795769352,32.71649015,0.072193997,286,Success
3.424466126,0.721685413,30.24430035,0.058196373,211,Success
3.512434992,1.803004976,30.20295846,0.045174847,442,Success
3.803007053,0.859785324,26.49004156,0.063451474,265,Success
3.80275719,2.377397091,26.68549541,0.087997639,313,Fault
3.803009537,0.459035296,22.98697364,0.047347325,312,Success
4.470546298,2.348228184,38.74788372,0.030509414,341,Success
3.814178102,1.605508734,23.78068382,0.072141613,323,Success
3.927113128,1.451643444,26.53547401,0.047592377,52,Success
3.890800353,1.227540457,26.40796367,0.006546609,77,Success
3.83027825,1.699568057,34.47462188,0.066948434,375,Success
3.636946151,1.481182649,28.52525161,0.039293436,477,Success
3.851793844,2.051650941,36.23871036,0.048189334,198,Success
3.545434957,1.557113824,26.63254688,0.056639607,77,Success
3.652636279,1.575150881,31.39497081,0.053809994,359,Success
3.60292729,1.318193894,25.82326473,0.064189036,487,Success
3.716374828,1.471527188,40.72574564,0.041290273,114,Success
4.162931713,1.653900884,24.0620079,0.060262116,405,Success
3.326546961,0.644915804,31.54910355,0.044809066,70,Success
3.837252038,0.825907289,33.1688844,0.06477621,301,Success
3.377456826,1.871632047,32.06899549,0.06230735,284,Success
3.605613627,1.585432719,29.07356171,0.031291226,276,Success
3.917790119,1.408008332,29.3508965,0.071719642,62,Success
3.712856004,1.509216967,30.21905736,0.039280731,362,Success
3.484451044,1.673790853,29.26498999,0.066161156,98,Success
3.556939258,1.23012016,34.81939558,0.057345746,167,Success
3.83591955,1.110847637,41.05261501,0.086763674,103,Fault
3.553926674,1.597922628,27.21254107,0.04553068,187,Success
3.743291718,1.010813611,23.1509851,0.043013664,102,Success
3.709114368,1.704126378,29.55858976,0.049611608,93,Success
3.56967993,0.648708198,42.89854669,0.043936404,352,Success
4.128788818,2.014577819,25.98162716,0.065998838,102,Success
3.826783804,1.736298741,38.19558403,0.017673788,123,Success
3.294971483,1.628014867,38.38850407,0.028926352,95,Fault
3.737290863,1.991345492,27.23205879,0.028643942,62,Success
3.567642707,2.332737222,32.8449154,0.069006152,214,Success
3.870486667,2.007185033,38.14198312,0.084212267,151,Fault
3.541495852,0.579562884,28.1043613,0.047911016,329,Success
3.677052712,0.860211517,28.9820982,0.046623566,307,Success
3.800997456,1.187590711,27.09159543,0.051401043,386,Success
3.873151039,1.513045525,24.92621635,0.073237566,405,Success
3.459940719,1.75882951,26.75361227,0.031452937,447,Success
3.633099753,1.137128093,23.88029867,0.05476738,187,Success
3.605010938,1.593383382,30.17041734,0.069503953,212,Success
3.569334153,1.122308534,26.15013384,0.060021883,458,Success
4.053090848,1.194241099,31.16892956,0.053791632,436,Success
3.780996342,0.796669452,22.22052177,0.070020922,160,Success
3.447823209,1.038383377,31.65440116,-0.004064646,151,Success
3.883572389,0.824157697,34.16764481,0.063557506,66,Success
4.124431239,1.012063374,20.03132179,0.036918486,317,Success
3.906493052,2.026820898,31.87028285,0.013387342,231,Success
3.396126007,1.025300556,36.13834496,0.060224052,421,Success
3.603153185,2.816191032,23.95179491,0.077473171,73,Success
3.95338223,1.74665895,38.36286193,0.04725103,78,Success
3.558466107,1.592418062,32.09509505,0.069057491,220,Success
3.788763886,1.07082111,26.47494072,0.082245565,458,Fault
3.854926811,1.85015494,29.72115461,0.076298289,277,Success
3.514613906,1.212181087,32.79163456,0.082799291,427,Fault
3.688094929,1.561004907,30.38002696,0.06484255,237,Success
3.051746532,2.780042269,32.69377996,0.051508673,395,Fault
3.495122472,1.45197005,25.39663203,0.017960684,279,Success
3.64948637,2.074636663,30.84680412,0.04507875,370,Success
3.450443364,1.148411787,22.93142752,0.033135068,389,Success
4.026482261,1.482505755,29.44386969,0.093418854,168,Fault
3.413971724,2.385400318,25.48046179,0.046482284,205,Success
3.611991103,1.186516471,26.32235029,0.052464096,321,Success
3.726148115,2.406224279,36.18046588,0.061029708,224,Success
3.988254658,1.853875968,35.4565506,0.050872049,153,Success
3.41282757,1.218766612,33.0456906,0.083901021,141,Fault
3.93263275,1.81620387,24.53843618,0.037547013,235,Success
3.702046612,1.986277225,28.41795775,0.053892149,332,Success
3.50369827,1.810904981,36.0654885,0.035150588,230,Success
3.792420695,0.71488764,30.70858457,0.02359955,219,Success
3.739811939,1.136431412,41.5966477,0.037764618,236,Success
3.579956625,1.376240682,31.9665892,0.049259264,224,Success
3.713960417,1.462783285,30.96024558,0.041413956,271,Success
3.622937281,1.810336049,28.45441768,0.03615158,282,Success
3.722703469,1.5888505,30.66770452,0.021873651,211,Success
3.832426135,0.832327821,29.23765082,0.048337889,470,Success
4.017203363,1.690098926,33.54054338,0.019905593,183,Success
3.4524369,1.805292873,34.78351158,0.065201119,440,Success
4.126606675,1.779895224,26.0700527,0.051648795,273,Success
3.30958244,2.040390363,23.34383523,0.02084897,202,Success
3.669642981,1.916961077,20.81897313,0.043815818,82,Success
3.817663441,1.72959004,32.53995663,0.034956872,104,Success
3.756198374,1.464917144,24.48316697,0.05638349,491,Success
3.575460096,0.669519533,19.23554704,0.076809009,56,Success
3.65837555,1.71480911,31.94289302,0.012496551,293,Success
3.601399813,1.603843844,42.46499759,0.052300522,362,Success
3.582127049,1.635789419,29.96964544,0.046797344,175,Success
3.869920419,0.861625712,34.19245387,0.063426802,61,Success
3.771403097,0.95947173,30.40914679,0.054263933,65,Success
3.561418081,2.026576427,29.50555173,0.034960613,257,Success
3.879919975,1.480222423,34.59538241,0.043618921,92,Success
3.761459904,1.840750349,28.54862728,0.034079483,422,Success
3.862572424,1.514159188,31.33696157,0.071520143,184,Success
3.825925768,1.51487807,31.60848903,0.050426233,277,Success
3.534200998,1.969141903,26.65954773,0.088023814,160,Fault
3.587963792,1.241977636,34.96021175,0.048786784,356,Success
3.849458721,1.548060388,29.12520122,0.035831865,209,Success
3.822074053,1.268862356,26.2212742,0.019725712,380,Success
3.695819681,1.282751886,32.68254922,0.013937206,313,Success
3.723465477,1.345413938,25.50766009,0.018317281,274,Success
3.955532979,1.611066886,30.14090579,0.055342533,266,Success
3.581685722,1.260625689,29.95440502,0.0601745,94,Success
3.809419476,2.127878063,35.42947783,0.018376186,263,Success
3.65956147,1.052696349,32.37349116,0.067900766,108,Success
3.656463759,1.406564178,29.87486521,0.040338779,181,Success
3.91975537,1.280134471,34.0888315,0.05293586,153,Success
3.86508327,2.223488942,36.95103775,0.082244413,244,Fault
3.862701927,1.598277388,32.78905153,0.067936786,462,Success
3.961095761,2.01592227,30.0517631,0.044629387,206,Success
3.704200768,0.757219813,23.44081884,0.032176155,147,Success
3.836390594,1.633525133,24.67443168,0.006963692,275,Success
3.637946649,1.944815398,28.47387648,0.035616934,461,Success
3.76483327,1.541141995,26.95243899,0.045777395,254,Success
3.673971389,2.032740188,29.06514349,0.030256409,128,Success
3.719399193,1.241355775,30.28324962,0.047374861,173,Success
3.819031405,2.20467372,32.64846377,0.051537038,477,Success
3.536355863,2.649449062,29.64750611,0.04550288,267,Success
4.118477455,1.31858072,32.43250822,0.036999948,53,Success
3.498796524,1.277248739,30.32237207,0.053373093,139,Success
3.457162277,2.226692239,20.12266717,0.058838813,153,Success
3.931622175,2.289786073,25.30332303,0.028192018,442,Success
3.858332539,1.238569986,29.27956222,0.078218648,168,Success
3.824823963,1.289906591,23.95152629,0.048028237,182,Success
3.825669102,1.359107696,32.99964365,0.050376992,361,Success
3.697550645,0.827774744,37.65375416,0.064164288,145,Success
3.520549126,1.040674027,36.09380926,0.054664323,483,Success
3.715160912,0.997929617,28.93278565,0.069062733,380,Success
3.564567658,1.116101217,37.45363068,0.055742483,192,Success
3.895023947,1.482657556,30.74333729,0.037751253,337,Success
3.670588524,1.617107366,28.31457014,0.057230071,77,Success
3.534900561,2.275250246,26.93298668,0.027125476,327,Success
3.635722832,1.00082298,28.48765157,0.052171194,282,Success
3.782586291,1.992161199,28.05911591,0.0493354,66,Success
3.587255089,1.393005578,30.85208111,0.045837663,108,Success
3.535555921,1.475268145,30.80286991,0.04742925,139,Success
3.748737442,1.837409746,30.0152301,0.012363019,248,Success
3.748993314,0.938638989,32.18469085,0.039025502,411,Success
3.598611365,1.691204873,35.95323137,0.051856898,490,Success
3.605792339,1.583226104,34.74777068,0.053197128,75,Success
3.746409987,1.746225632,22.57551016,0.029446497,74,Success
3.410383132,1.644584322,17.23039433,0.075314157,443,Success
3.418507245,2.72765007,34.67159956,0.032676503,350,Success
3.556311156,1.181130008,23.16560651,0.069389144,388,Success
3.65731057,1.234501522,28.87617299,0.058543887,316,Success
3.762181513,1.188429737,24.14943487,0.037075454,230,Success
3.995071243,1.22226144,20.99009781,0.085506218,409,Fault
3.871531925,1.181306436,32.70731364,0.026127263,117,Success
3.668012294,2.094508266,33.7957758,0.068383083,400,Success
3.696196758,2.210252124,27.117448,0.070011646,461,Success
3.499494127,1.214626853,17.04478854,0.036587596,370,Success
3.696297373,1.083822213,27.26877776,0.077849306,98,Success
3.642268272,1.735707778,31.95902003,0.04499907,224,Success
3.764543712,1.223888478,22.60544216,0.055773873,101,Success
3.534553811,1.816465909,30.9167996,0.055206437,151,Success
3.803869303,1.60146151,29.92345075,0.047313825,265,Success
4.006547783,0.742127943,32.8964575,0.066216165,487,Success
3.67824797,2.273752601,30.59790184,0.065869774,237,Success
3.780342344,2.397938837,25.1346553,0.015029361,106,Success
3.838028798,1.193605655,35.98285751,0.076086805,96,Success
3.619755906,1.30614922,29.20735213,0.01675016,208,Success
3.744818496,1.642932695,29.8634773,0.070650924,223,Success
3.70251848,1.667228395,25.3336602,0.072534103,291,Success
3.71953522,1.829272136,27.78358874,0.028180671,331,Success
3.545398043,2.505102269,25.57598643,0.041783714,290,Success
3.704902035,1.411526386,29.1352697,0.027885907,419,Success
3.799599658,1.100851378,38.5585424,0.045701579,54,Success
3.990228722,0.810340386,23.14049429,0.043839314,133,Success
3.891854165,1.13453498,21.93219301,0.065593211,357,Success
4.130636492,1.483436514,37.35585164,0.076206175,410,Success
3.546530487,2.397278932,28.95338161,0.077913676,297,Success
3.874464127,1.24119435,26.65463631,0.038756639,103,Success
3.736668401,1.611893976,35.19952344,0.045815563,210,Success
4.137960587,1.491788552,26.9719223,0.016331236,483,Success
3.538340343,2.094196637,39.13004857,0.033882599,471,Success
3.532055632,2.763466213,33.38962936,0.069297033,460,Success
3.580121471,1.234565614,27.56044296,0.082311656,275,Fault
3.275220855,1.255280279,40.78654107,0.025313023,64,Fault
3.594848996,2.022080439,26.97142538,0.038150715,273,Success
3.548173468,1.840945745,33.71047686,0.049471885,110,Success
3.730078757,2.423353663,31.4964629,0.055603223,171,Success
3.768351195,1.791964093,36.50870645,0.03380793,326,Success
4.075234168,1.320353955,37.80755598,0.058481221,95,Success
3.890084768,1.795327415,30.16002075,0.040523213,439,Success
3.584619269,2.05435179,26.23291065,0.049710955,343,Success
3.520317066,1.910241091,32.29986071,0.060925685,111,Success
3.798383834,1.753637016,26.61142315,0.050128445,135,Success
3.435953359,2.033337345,40.06693624,0.041272282,495,Success
4.066291753,2.084647795,30.68267666,0.047807804,259,Success
3.935888024,2.191079496,28.17339224,0.048232741,127,Success
3.60616487,1.824354944,30.92340153,0.042599779,251,Success
3.357373094,1.41644096,23.26436855,0.044824079,351,Success
3.970774475,1.573356843,25.14192981,0.081972943,446,Fault
3.677092031,2.103254483,36.00206954,0.061218389,272,Success
3.947563262,1.091532165,26.71552861,0.044090394,271,Success
3.381114468,1.684336654,24.76544509,0.063939088,52,Success
3.580124995,1.303330594,32.68326376,0.04332361,55,Success
3.70104874,1.514372411,35.92852077,0.073462493,142,Success
3.709396119,2.139225931,33.59476655,0.057392844,57,Success
3.609986906,1.595549534,34.98023843,0.047853957,477,Success
3.824569986,1.523218274,26.21602456,0.058954339,284,Success
3.486475914,0.82007193,22.89094667,0.018582477,157,Success
3.671524103,1.873126783,37.50666826,0.027464651,210,Success
3.724059126,1.822742091,28.38660081,0.0261215,258,Success
3.802887767,2.581627362,28.74583492,0.052858862,289,Success
3.842322976,1.346110883,36.64097071,0.0846503,380,Fault
3.475071582,1.609575164,32.78115005,0.094626003,382,Fault
3.393177166,1.624691842,32.27943886,0.062761022,99,Success
3.955535364,2.28872664,40.82501172,0.060016889,60,Success
3.766462802,1.452352234,26.78240885,0.013978845,400,Success
3.550302693,1.639510763,34.63920064,0.039146524,205,Success
4.010230395,1.803948255,30.28506562,0.034244325,119,Success
3.723134927,1.593304562,31.34296139,0.037583048,218,Success
3.935859437,1.276783193,37.64234213,0.046637124,321,Success
3.713503696,1.597044996,32.53917878,0.040558188,117,Success
4.112149585,2.036815875,32.6914804,0.010414004,404,Success
4.051068168,0.98674235,35.36253669,0.064958205,301,Success
3.65020717,1.566484837,28.17523635,0.028545139,97,Success
3.89431419,1.149939593,25.80395166,0.054784937,233,Success
3.82907519,2.097523314,24.77595403,0.091481653,369,Fault
3.973726312,0.738406548,20.16821705,0.031612308,236,Success
3.507015308,1.220539076,40.28103565,-0.00060575,139,Success
3.837210292,1.688605938,24.48395817,0.044279916,495,Success
3.911684897,2.282762015,28.89373188,0.072019193,381,Success
3.348252103,1.467124869,28.6159335,0.089166949,188,Fault
3.463348297,1.222400237,31.53703349,0.025409008,406,Success
3.292153564,2.440578535,34.07868606,0.059933984,138,Fault
3.646118633,0.77599305,34.30236744,0.040693791,323,Success
3.843508451,0.400597022,27.08461281,0.047881033,68,Success
4.00047141,1.720007225,29.16439143,0.102886867,360,Fault
3.714818956,1.248972888,31.41289975,0.019940593,407,Success
4.025723109,0.989383591,28.75654437,0.055074793,423,Success
3.423979708,1.854178224,38.03672788,0.059353863,203,Success
3.359323512,1.621900357,32.45487476,0.071715726,439,Success
3.68889046,1.217960685,33.67438893,0.051959663,309,Success
3.77681309,0.859847801,33.31440634,0.056161011,157,Success
3.69346105,1.936228664,35.86736929,0.042167029,420,Success
3.28651158,1.825100589,30.90510779,0.055382539,334,Fault
3.682175992,1.450412068,23.51584026,0.043136154,108,Success
3.4391061,2.423318498,31.99843976,0.062431438,174,Success
3.83393451,0.964957617,26.74321553,0.042607793,403,Success
3.773319649,0.737237415,27.35691659,0.057542008,322,Success
3.512024043,1.154045965,32.93182009,0.049414744,156,Success
3.597226617,1.477206992,36.19141536,0.072521005,348,Success
3.488157296,1.621669725,30.10635788,0.048972126,294,Success
3.687464181,1.379381971,31.54416506,0.014539351,385,Success
3.891028464,1.676027698,38.51107472,0.07523843,499,Success
3.502854791,0.874230288,31.2037659,0.031885354,467,Success
3.800809303,2.221882302,43.00841557,0.036924673,296,Success
3.593948476,1.458924411,32.82754823,0.038086774,57,Success
3.541425434,2.058647916,21.1961862,0.077488762,190,Success
3.678593928,1.671362673,33.76670811,0.007286516,411,Success
3.492951536,1.72837661,31.90579192,0.112754971,57,Fault
3.589270139,1.78488364,36.44876377,0.071121136,401,Success
3.460424421,1.72385428,33.36590676,0.054464778,143,Success
4.092945027,1.82136138,29.30772008,0.04890212,370,Success
3.70705271,2.164576265,23.87850882,0.055711081,476,Success
3.560054898,1.598260585,28.95488371,0.060422449,88,Success
3.742795982,1.854501879,25.74739773,0.062904312,130,Success
3.67753439,1.455132153,27.09738275,0.061112089,236,Success
3.65580608,2.220058608,32.94289202,0.051791614,133,Success
3.82283334,1.161803849,38.34952252,0.046053232,137,Success
3.851501542,2.400470216,31.97335765,0.046974534,291,Success
3.59389977,1.479921025,24.02058469,0.046101834,391,Success
3.584836352,0.784612449,32.22301334,0.072675402,142,Success
3.644989661,1.564052207,35.98315743,0.061871134,135,Success
3.239615767,1.159474171,26.95108548,-0.008807773,93,Fault
3.396961788,1.920321774,29.32991417,0.063118016,186,Success
3.973374853,1.17368801,30.07344097,0.053894724,470,Success
4.028993543,1.276908283,26.07550843,0.049625825,123,Success
3.650192792,0.555229635,33.24140217,0.042229631,85,Success
3.815311393,1.27384684,29.39525926,0.072482254,150,Success
3.762250031,0.288060337,32.09766222,0.068950529,205,Success
4.315776162,0.708048588,25.56253911,0.034542447,475,Success
3.923914982,1.880207328,27.8127085,0.058141046,304,Success
3.674416482,1.892900079,33.61190679,0.030566865,220,Success
3.508891912,1.712728781,28.13583424,0.022407637,265,Success
3.378710736,1.016511928,38.63481926,0.037465656,219,Success
3.740692727,1.476144322,28.00181907,0.067247869,301,Success
3.548729851,1.49819873,31.12342363,0.069062501,409,Success
3.415549258,0.920817655,34.66295416,0.060261708,371,Success
3.570685423,2.251699151,22.90817134,0.064501916,104,Success
3.483690399,1.938681145,21.19595594,0.060323566,481,Success
4.037428327,1.389517913,22.37171843,0.037170368,140,Success
3.876327951,1.513442919,36.31292052,0.058638451,327,Success
3.698405472,1.604191404,27.24070927,0.066008191,150,Success
3.995988828,0.479132566,42.79099643,0.065085827,204,Success
3.715473662,1.376411309,27.17876201,0.073778267,426,Success
3.52774316,1.159007876,30.92275652,0.064166077,398,Success
4.004624815,0.999189995,37.71054976,0.057028964,413,Success
3.807782009,1.359449854,40.03046444,0.071403005,190,Success
3.492550769,2.398843263,40.30751788,0.049469575,222,Success
3.661932264,1.820421431,36.04183115,0.032362507,59,Success
3.524876349,1.214410505,35.12031263,0.046738661,277,Success
3.423440054,1.786291391,32.96263475,0.035101947,314,Success
